{
	"format_version": "1.8.0",
	"animations": {
		"inject_animation": {
			"animation_length": 3.25,
			"bones": {
				"left_arm": {
					"rotation": {
						"1.125": {
							"vector": [0, 0, 0]
						},
						"1.3333": {
							"vector": [0, 0, 0]
						}
					},
					"position": {
						"1.125": {
							"vector": [0, 0, 0]
						},
						"1.2083": {
							"vector": [0, -0.5, 0]
						},
						"1.3333": {
							"vector": [0, 0, 0]
						}
					},
					"scale": {
						"1.125": {
							"vector": [1, 1, 1]
						},
						"1.3333": {
							"vector": [1, 1, 1]
						}
					}
				},
				"right_arm": {
					"rotation": {
						"0.0": {
							"vector": [0, 0, 0]
						},
						"0.125": {
							"vector": [-66.09, -23.1, 3.48]
						},
						"0.375": {
							"vector": [-93.26511, -24.77164, 3.48303]
						},
						"0.625": {
							"vector": [-93.26511, -24.77164, 3.48303]
						},
						"0.75": {
							"vector": [-125.4362, 4.61467, 85.89057]
						},
						"1.0": {
							"vector": [-137.94, 4.61, 85.89]
						},
						"1.0833": {
							"vector": [-162.94, 4.61, 85.89]
						},
						"1.1667": {
							"vector": [-162.94, 4.61, 85.89]
						},
						"1.25": {
							"vector": [-157.94, 4.61, 85.89]
						},
						"1.3333": {
							"vector": [-162.94, 4.61, 85.89]
						},
						"1.375": {
							"vector": [-160.44, 4.61, 85.89]
						},
						"1.4167": {
							"vector": [-162.94, 4.61, 85.89]
						},
						"1.5833": {
							"vector": [-162.94, 4.61, 85.89]
						},
						"2.3333": {
							"vector": [-162.94, 4.61, 85.89]
						},
						"2.7917": {
							"vector": [0, 0, 0]
						}
					},
					"position": {
						"0.0": {
							"vector": [0, 0, 0]
						},
						"0.125": {
							"vector": [0, 0, -0.67]
						},
						"0.375": {
							"vector": [0, 0, -1]
						},
						"0.625": {
							"vector": [0, 0, -1]
						},
						"0.75": {
							"vector": [0, -1.5, -1]
						},
						"1.0": {
							"vector": [0, -1.5, -1]
						},
						"1.0833": {
							"vector": [0, -1.5, -1]
						},
						"1.1667": {
							"vector": [0, -1.5, -1]
						},
						"1.25": {
							"vector": [0, -1.5, -1]
						},
						"1.3333": {
							"vector": [0, -1.5, -1]
						},
						"1.375": {
							"vector": [0, -1.5, -1]
						},
						"1.4167": {
							"vector": [0, -1.5, -1]
						},
						"1.5833": {
							"vector": [0, -1.5, -1]
						},
						"2.3333": {
							"vector": [0, -1.5, -1]
						},
						"2.7917": {
							"vector": [0, 0, 0]
						}
					},
					"scale": {
						"0.0": {
							"vector": [1, 1, 1]
						},
						"2.7917": {
							"vector": [1, 1, 1]
						}
					}
				},
				"head": {
					"rotation": {
						"1.125": {
							"vector": [0, 0, 0]
						},
						"1.2083": {
							"vector": [15, 0, 0]
						},
						"1.2917": {
							"vector": [0, 0, 0]
						},
						"1.4167": {
							"vector": [10, 0, 0]
						},
						"2.3333": {
							"vector": [0, 0, 0]
						},
						"2.5417": {
							"vector": [0, -5, 0]
						},
						"2.6667": {
							"vector": [0, 5, 0]
						},
						"2.7917": {
							"vector": [0, 0, 0]
						},
						"2.875": {
							"vector": [0, -5, 0]
						},
						"3.0": {
							"vector": [0, 5, 0]
						},
						"3.125": {
							"vector": [0, 0, 0]
						}
					},
					"position": {
						"1.125": {
							"vector": [0, 0, 0]
						},
						"1.2083": {
							"vector": [0, 0, 0]
						},
						"1.2917": {
							"vector": [0, 0, 0]
						},
						"1.4167": {
							"vector": [0, 0, 0]
						},
						"2.3333": {
							"vector": [0, 0, 0]
						}
					},
					"scale": {
						"1.125": {
							"vector": [1, 1, 1]
						},
						"1.2083": {
							"vector": [1, 1, 1]
						},
						"1.2917": {
							"vector": [1, 1, 1]
						},
						"1.4167": {
							"vector": [1, 1, 1]
						},
						"2.3333": {
							"vector": [1, 1, 1]
						}
					}
				}
			}
		},
		"head_fly_animation": {
			"animation_length": 1.75,
			"bones": {
				"left_arm": {
					"rotation": {
						"0.0": {
							"vector": [0, 0, 0]
						},
						"0.25": {
							"vector": [-15, 0, -15],
							"easing": "linear"
						},
						"0.5": {
							"vector": [-15, 0, -15],
							"easing": "linear"
						},
						"0.75": {
							"vector": [-15, 0, -15],
							"easing": "linear"
						},
						"1.0": {
							"vector": [-15, 0, -15],
							"easing": "linear"
						},
						"1.25": {
							"vector": [-15, 0, -15],
							"easing": "linear"
						},
						"1.375": {
							"vector": [0, 0, 0]
						}
					},
					"position": {
						"0.0": {
							"vector": [0, 0, 0]
						},
						"0.25": {
							"vector": [0.5, 0, 0],
							"easing": "linear"
						},
						"0.5": {
							"vector": [0.5, -0.5, 0],
							"easing": "linear"
						},
						"0.75": {
							"vector": [0.5, 0, 0],
							"easing": "linear"
						},
						"1.0": {
							"vector": [0.5, -0.5, 0],
							"easing": "linear"
						},
						"1.25": {
							"vector": [0.5, 0, 0],
							"easing": "linear"
						},
						"1.375": {
							"vector": [0, 0, 0]
						}
					}
				},
				"right_arm": {
					"rotation": {
						"0.0": {
							"vector": [0, 0, 0]
						},
						"0.25": {
							"vector": [-15, 0, 15],
							"easing": "linear"
						},
						"0.5": {
							"vector": [-15, 0, 15],
							"easing": "linear"
						},
						"0.75": {
							"vector": [-15, 0, 15],
							"easing": "linear"
						},
						"1.0": {
							"vector": [-15, 0, 15],
							"easing": "linear"
						},
						"1.25": {
							"vector": [-15, 0, 15],
							"easing": "linear"
						},
						"1.375": {
							"vector": [0, 0, 0]
						}
					},
					"position": {
						"0.0": {
							"vector": [0, 0, 0]
						},
						"0.25": {
							"vector": [-0.5, 0, 0],
							"easing": "linear"
						},
						"0.5": {
							"vector": [-0.5, -0.5, 0],
							"easing": "linear"
						},
						"0.75": {
							"vector": [-0.5, 0, 0],
							"easing": "linear"
						},
						"1.0": {
							"vector": [-0.5, -0.5, 0],
							"easing": "linear"
						},
						"1.25": {
							"vector": [-0.5, 0, 0],
							"easing": "linear"
						},
						"1.375": {
							"vector": [0, 0, 0]
						}
					},
					"scale": {
						"0.0": {
							"vector": [1, 1, 1]
						},
						"1.375": {
							"vector": [1, 1, 1]
						}
					}
				},
				"head": {
					"rotation": {
						"0.0": {
							"vector": [0, 0, 0]
						},
						"0.25": {
							"vector": [0, 0, 0]
						},
						"0.375": {
							"vector": [0, 90, 0]
						},
						"0.5": {
							"vector": [0, 0, 0]
						},
						"0.625": {
							"vector": [0, -90, 0]
						},
						"0.75": {
							"vector": [0, -180, 0]
						},
						"0.875": {
							"vector": [0, -360, 0]
						},
						"1.0": {
							"vector": [0, -360, 0]
						},
						"1.25": {
							"vector": [0, -360, 0]
						},
						"1.375": {
							"vector": [0, -360, 0]
						},
						"1.625": {
							"vector": [0, 0, 0],
							"easing": "linear"
						}
					},
					"position": {
						"0.0": {
							"vector": [0, 0, 0]
						},
						"0.25": {
							"vector": [0, 2, 0]
						},
						"0.375": {
							"vector": [-12, 2, 0]
						},
						"0.5": {
							"vector": [0, 2, -12]
						},
						"0.625": {
							"vector": [12, 2, 0]
						},
						"0.75": {
							"vector": [0, 2, 12]
						},
						"0.875": {
							"vector": [-12, 2, 0]
						},
						"1.0": {
							"vector": [0, 2, 0]
						},
						"1.25": {
							"vector": [0, 0, 0]
						},
						"1.375": {
							"vector": [0, 0, 0]
						},
						"1.625": {
							"vector": [0, 0, 0],
							"easing": "linear"
						}
					},
					"scale": {
						"0.0": {
							"vector": [1, 1, 1]
						},
						"0.25": {
							"vector": [1, 1, 1]
						},
						"0.375": {
							"vector": [1, 1, 1]
						},
						"0.5": {
							"vector": [1, 1, 1]
						},
						"0.625": {
							"vector": [1, 1, 1]
						},
						"0.75": {
							"vector": [1, 1, 1]
						},
						"0.875": {
							"vector": [1, 1, 1]
						},
						"1.0": {
							"vector": [1, 1, 1]
						},